run,folder,target_params,actual_params,rel_err,mode,num_experts,dim,num_blocks,expert_blocks,film_hidden
52k_moeK1,models_arch_52k_moeK1_arch_polaris,52214,51497,0.0137,moe,1,2,2,2,
52k_moeK2,models_arch_52k_moeK2_arch_polaris,52214,52214,0.0,moe,2,2,2,2,
52k_moeK3,models_arch_52k_moeK3_arch_polaris,52214,52931,0.0137,moe,3,2,2,2,
52k_moeK4,models_arch_52k_moeK4_arch_polaris,52214,53648,0.0275,moe,4,2,2,2,
52k_film,models_arch_52k_film_arch_polaris,52214,53776,0.0299,film,1,2,2,2,16
52k_trunkheavy,models_arch_52k_trunkheavy_arch_polaris,52214,51558,0.0126,moe,2,2,2,1,
52k_expertheavy,models_arch_52k_expertheavy_arch_polaris,52214,53526,0.0251,moe,2,2,2,4,
52k_moeK8,models_arch_52k_moeK8_arch_polaris,52214,56516,0.0824,moe,8,2,2,2,
95k_moeK1,models_arch_95k_moeK1_arch_polaris,94598,93881,0.0076,moe,1,2,4,2,
95k_moeK2,models_arch_95k_moeK2_arch_polaris,94598,94598,0.0,moe,2,2,4,2,
95k_moeK3,models_arch_95k_moeK3_arch_polaris,94598,95315,0.0076,moe,3,2,4,2,
95k_moeK4,models_arch_95k_moeK4_arch_polaris,94598,96032,0.0152,moe,4,2,4,2,
95k_film,models_arch_95k_film_arch_polaris,94598,96160,0.0165,film,1,2,4,2,16
95k_trunkheavy,models_arch_95k_trunkheavy_arch_polaris,94598,93942,0.0069,moe,2,2,4,1,
95k_expertheavy,models_arch_95k_expertheavy_arch_polaris,94598,95910,0.0139,moe,2,2,4,4,
95k_moeK8,models_arch_95k_moeK8_arch_polaris,94598,98900,0.0455,moe,8,2,4,2,
345k_moeK1,models_arch_345k_moeK1_arch_polaris,345274,342689,0.0075,moe,1,4,4,2,
345k_moeK2,models_arch_345k_moeK2_arch_polaris,345274,345274,0.0,moe,2,4,4,2,
345k_moeK3,models_arch_345k_moeK3_arch_polaris,345274,347859,0.0075,moe,3,4,4,2,
345k_moeK4,models_arch_345k_moeK4_arch_polaris,345274,350444,0.015,moe,4,4,4,2,
345k_film,models_arch_345k_film_arch_polaris,345274,345104,0.0005,film,1,4,4,2,16
345k_trunkheavy,models_arch_345k_trunkheavy_arch_polaris,345274,342818,0.0071,moe,2,4,4,1,
345k_expertheavy,models_arch_345k_expertheavy_arch_polaris,345274,350186,0.0142,moe,2,4,4,4,
345k_moeK8,models_arch_345k_moeK8_arch_polaris,345274,360784,0.0449,moe,8,4,4,2,
756k_moeK1,models_arch_756k_moeK1_arch_polaris,756030,750389,0.0075,moe,1,6,4,2,
756k_moeK2,models_arch_756k_moeK2_arch_polaris,756030,756030,0.0,moe,2,6,4,2,
756k_moeK3,models_arch_756k_moeK3_arch_polaris,756030,761671,0.0075,moe,3,6,4,2,
756k_moeK4,models_arch_756k_moeK4_arch_polaris,756030,767312,0.0149,moe,4,6,4,2,
756k_film,models_arch_756k_film_arch_polaris,756030,752940,0.0041,film,1,6,4,2,16
756k_trunkheavy,models_arch_756k_trunkheavy_arch_polaris,756030,750622,0.0072,moe,2,6,4,1,
756k_expertheavy,models_arch_756k_expertheavy_arch_polaris,756030,766846,0.0143,moe,2,6,4,4,
756k_moeK8,models_arch_756k_moeK8_arch_polaris,756030,789876,0.0448,moe,8,6,4,2,
1p3M_moeK1,models_arch_1p3M_moeK1_arch_polaris,1326602,1316717,0.0075,moe,1,8,4,2,
1p3M_moeK2,models_arch_1p3M_moeK2_arch_polaris,1326602,1326602,0.0,moe,2,8,4,2,
1p3M_moeK3,models_arch_1p3M_moeK3_arch_polaris,1326602,1336487,0.0075,moe,3,8,4,2,
1p3M_moeK4,models_arch_1p3M_moeK4_arch_polaris,1326602,1346372,0.0149,moe,4,8,4,2,
1p3M_film,models_arch_1p3M_film_arch_polaris,1326602,1319404,0.0054,film,1,8,4,2,16
1p3M_trunkheavy,models_arch_1p3M_trunkheavy_arch_polaris,1326602,1317090,0.0072,moe,2,8,4,1,
1p3M_expertheavy,models_arch_1p3M_expertheavy_arch_polaris,1326602,1345626,0.0143,moe,2,8,4,4,
1p3M_moeK8,models_arch_1p3M_moeK8_arch_polaris,1326602,1385912,0.0447,moe,8,8,4,2,
2p1M_moeK1,models_arch_2p1M_moeK1_arch_polaris,2057314,2041997,0.0074,moe,1,10,4,2,
2p1M_moeK2,models_arch_2p1M_moeK2_arch_polaris,2057314,2057314,0.0,moe,2,10,4,2,
2p1M_moeK3,models_arch_2p1M_moeK3_arch_polaris,2057314,2072631,0.0074,moe,3,10,4,2,
2p1M_moeK4,models_arch_2p1M_moeK4_arch_polaris,2057314,2087948,0.0149,moe,4,10,4,2,
2p1M_film,models_arch_2p1M_film_arch_polaris,2057314,2044820,0.0061,film,1,10,4,2,16
2p1M_trunkheavy,models_arch_2p1M_trunkheavy_arch_polaris,2057314,2042546,0.0072,moe,2,10,4,1,
2p1M_expertheavy,models_arch_2p1M_expertheavy_arch_polaris,2057314,2086850,0.0144,moe,2,10,4,4,
2p1M_moeK8,models_arch_2p1M_moeK8_arch_polaris,2057314,2149216,0.0447,moe,8,10,4,2,
4p0M_moeK1,models_arch_4p0M_moeK1_arch_polaris,3998570,3968825,0.0074,moe,1,14,4,2,
4p0M_moeK2,models_arch_4p0M_moeK2_arch_polaris,3998570,3998570,0.0,moe,2,14,4,2,
4p0M_moeK3,models_arch_4p0M_moeK3_arch_polaris,3998570,4028315,0.0074,moe,3,14,4,2,
4p0M_moeK4,models_arch_4p0M_moeK4_arch_polaris,3998570,4058060,0.0149,moe,4,14,4,2,
4p0M_film,models_arch_4p0M_film_arch_polaris,3998570,3971920,0.0067,film,1,14,4,2,16
4p0M_trunkheavy,models_arch_4p0M_trunkheavy_arch_polaris,3998570,3969834,0.0072,moe,2,14,4,1,
4p0M_expertheavy,models_arch_4p0M_expertheavy_arch_polaris,3998570,4056042,0.0144,moe,2,14,4,4,
4p0M_moeK8,models_arch_4p0M_moeK8_arch_polaris,3998570,4177040,0.0446,moe,8,14,4,2,
6p6M_moeK1,models_arch_6p6M_moeK1_arch_polaris,6583130,6534205,0.0074,moe,1,18,4,2,
6p6M_moeK2,models_arch_6p6M_moeK2_arch_polaris,6583130,6583130,0.0,moe,2,18,4,2,
6p6M_moeK3,models_arch_6p6M_moeK3_arch_polaris,6583130,6632055,0.0074,moe,3,18,4,2,
6p6M_moeK4,models_arch_6p6M_moeK4_arch_polaris,6583130,6680980,0.0149,moe,4,18,4,2,
6p6M_film,models_arch_6p6M_film_arch_polaris,6583130,6537572,0.0069,film,1,18,4,2,16
6p6M_trunkheavy,models_arch_6p6M_trunkheavy_arch_polaris,6583130,6535818,0.0072,moe,2,18,4,1,
6p6M_expertheavy,models_arch_6p6M_expertheavy_arch_polaris,6583130,6677754,0.0144,moe,2,18,4,4,
6p6M_moeK8,models_arch_6p6M_moeK8_arch_polaris,6583130,6876680,0.0446,moe,8,18,4,2,
11p7M_moeK1,models_arch_11p7M_moeK1_arch_polaris,11656962,11569969,0.0075,moe,1,24,4,2,
11p7M_moeK2,models_arch_11p7M_moeK2_arch_polaris,11656962,11656962,0.0,moe,2,24,4,2,
11p7M_moeK3,models_arch_11p7M_moeK3_arch_polaris,11656962,11743955,0.0075,moe,3,24,4,2,
11p7M_moeK4,models_arch_11p7M_moeK4_arch_polaris,11656962,11830948,0.0149,moe,4,24,4,2,
11p7M_film,models_arch_11p7M_film_arch_polaris,11656962,11573744,0.0071,film,1,24,4,2,16
11p7M_trunkheavy,models_arch_11p7M_trunkheavy_arch_polaris,11656962,11572758,0.0072,moe,2,24,4,1,
11p7M_expertheavy,models_arch_11p7M_expertheavy_arch_polaris,11656962,11825370,0.0144,moe,2,24,4,4,
11p7M_moeK8,models_arch_11p7M_moeK8_arch_polaris,11656962,12178920,0.0448,moe,8,24,4,2,
20p7M_moeK1,models_arch_20p7M_moeK1_arch_polaris,20661794,20507285,0.0075,moe,1,32,4,2,
20p7M_moeK2,models_arch_20p7M_moeK2_arch_polaris,20661794,20661794,0.0,moe,2,32,4,2,
20p7M_moeK3,models_arch_20p7M_moeK3_arch_polaris,20661794,20816303,0.0075,moe,3,32,4,2,
20p7M_moeK4,models_arch_20p7M_moeK4_arch_polaris,20661794,20970812,0.015,moe,4,32,4,2,
20p7M_film,models_arch_20p7M_film_arch_polaris,20661794,20511604,0.0073,film,1,32,4,2,16
20p7M_trunkheavy,models_arch_20p7M_trunkheavy_arch_polaris,20661794,20512146,0.0072,moe,2,32,4,1,
20p7M_expertheavy,models_arch_20p7M_expertheavy_arch_polaris,20661794,20961090,0.0145,moe,2,32,4,4,
20p7M_moeK8,models_arch_20p7M_moeK8_arch_polaris,20661794,21588848,0.0449,moe,8,32,4,2,
